{
    "1": {
        "0.1": [
            0.8127030181079863,
            0.6852591949029829,
            0.8220770475121919,
            0.6852591949029829,
            0.8128820381306561,
            0.6852591949029829
        ],
        "0.2": [
            0.8134160327402271,
            0.6870836953373878,
            0.8230795317193003,
            0.6870836953373878,
            0.8140763326050101,
            0.6870836953373878
        ],
        "0.3": [
            0.8165423848398996,
            0.687300897770055,
            0.822400333584269,
            0.687300897770055,
            0.8163309566645018,
            0.687300897770055
        ],
        "0.4": [
            0.8174877064349843,
            0.6895598030697944,
            0.823459928280009,
            0.6895598030697944,
            0.8174260049671599,
            0.6895598030697944
        ],
        "0.5": [
            0.8141834875362666,
            0.6856067187952505,
            0.8217736332598793,
            0.6856067187952505,
            0.8143194677279966,
            0.6856067187952505
        ],
        "0.6": [
            0.8142844734589586,
            0.685881841876629,
            0.8220463634906019,
            0.685881841876629,
            0.8144051392416222,
            0.685881841876629
        ],
        "0.7": [
            0.813095964253428,
            0.6858963220388068,
            0.8223625372413015,
            0.6858963220388068,
            0.8125260543904034,
            0.6858963220388068
        ],
        "0.8": [
            0.810228067761068,
            0.6826672458731537,
            0.8205773167683044,
            0.6826672458731537,
            0.8094231055708628,
            0.6826672458731537
        ],
        "0.9": [
            0.8153372952580533,
            0.6847089487402259,
            0.8207724835601741,
            0.6847089487402259,
            0.8146156814738604,
            0.6847089487402259
        ]
    },
    "2": {
        "0.1": [
            0.8099287358013306,
            0.6828554879814654,
            0.8208305929117199,
            0.6828554879814654,
            0.8090291689794994,
            0.6828554879814654
        ],
        "0.2": [
            0.8159869781423899,
            0.6881117868520128,
            0.8233199163854898,
            0.6881117868520128,
            0.8159990878083853,
            0.6881117868520128
        ],
        "0.3": [
            0.8167027194870303,
            0.6846075876049812,
            0.8204829335430203,
            0.6846075876049812,
            0.8162794683157453,
            0.6846075876049812
        ],
        "0.4": [
            0.8162817719735289,
            0.6870981754995656,
            0.8223155092644551,
            0.6870981754995656,
            0.8151645177448847,
            0.6870981754995656
        ],
        "0.5": [
            0.8154162801406035,
            0.6870257746886765,
            0.8223019379783492,
            0.6870257746886765,
            0.8154967730713708,
            0.6870257746886765
        ],
        "0.6": [
            0.8204554045036535,
            0.6926875181002027,
            0.8251328633851615,
            0.6926875181002027,
            0.8201974957987523,
            0.6926875181002027
        ],
        "0.7": [
            0.8187442027638945,
            0.6904430929626412,
            0.8228400954086101,
            0.6904430929626412,
            0.8189419597714214,
            0.6904430929626412
        ],
        "0.8": [
            0.8137570441906392,
            0.6817984361424848,
            0.8189777792974487,
            0.6817984361424848,
            0.8135396689975014,
            0.6817984361424848
        ],
        "0.9": [
            0.8169842886216523,
            0.6885317115551695,
            0.8232592230950593,
            0.6885317115551695,
            0.8161784102147437,
            0.6885317115551695
        ]
    },
    "3": {
        "0.1": [
            0.8155401192715754,
            0.6868085722560092,
            0.8223854379864733,
            0.6868085722560092,
            0.8154646541094874,
            0.6868085722560092
        ],
        "0.2": [
            0.8161034357185972,
            0.6878945844193455,
            0.8230912643268302,
            0.6878945844193455,
            0.8160213845425195,
            0.6878945844193455
        ],
        "0.3": [
            0.8151872208791694,
            0.689270199826238,
            0.8243278874273874,
            0.689270199826238,
            0.8136735416016116,
            0.689270199826238
        ],
        "0.4": [
            0.8176901884567449,
            0.6907182160440197,
            0.8248402859201333,
            0.6907182160440197,
            0.8172358455273985,
            0.6907182160440197
        ],
        "0.5": [
            0.8131074243423113,
            0.6819866782507964,
            0.8189688341916019,
            0.6819866782507964,
            0.813147724502853,
            0.6819866782507964
        ],
        "0.6": [
            0.8119230048422631,
            0.6832464523602665,
            0.8205513487582032,
            0.6832464523602665,
            0.8114803304625605,
            0.6832464523602665
        ],
        "0.7": [
            0.8149183060507401,
            0.6845207066319142,
            0.8204594569828132,
            0.6845207066319142,
            0.8148405946894524,
            0.6845207066319142
        ],
        "0.8": [
            0.8144571061741541,
            0.6867072111207646,
            0.8226702178028149,
            0.6867072111207646,
            0.8145144804682961,
            0.6867072111207646
        ],
        "0.9": [
            0.8177726948193107,
            0.6888502751230814,
            0.8233068310179257,
            0.6888502751230814,
            0.8170141625581693,
            0.6888502751230814
        ]
    }
}