{
    "1": {
        "0.1": [
            0.8176557261522591,
            0.6891688386909933,
            0.8236295144160398,
            0.6891688386909933,
            0.8174168924475442,
            0.6891688386909933
        ],
        "0.2": [
            0.8175087549781634,
            0.6885896322038807,
            0.8231200863060976,
            0.6885896322038807,
            0.8158554961250999,
            0.6885896322038807
        ],
        "0.3": [
            0.8171985564966938,
            0.6885172313929916,
            0.8229453620015155,
            0.6885172313929916,
            0.8170548183992925,
            0.6885172313929916
        ],
        "0.4": [
            0.8132701805847853,
            0.6855487981465392,
            0.8220824913672224,
            0.6855487981465392,
            0.813197892272881,
            0.6855487981465392
        ],
        "0.5": [
            0.8179332252371068,
            0.6898349261511729,
            0.8239972591295887,
            0.6898349261511729,
            0.8176898753079372,
            0.6898349261511729
        ],
        "0.6": [
            0.8123598642898056,
            0.6831016507384883,
            0.8201451206232827,
            0.6831016507384883,
            0.810154772566138,
            0.6831016507384883
        ],
        "0.7": [
            0.8121978004732102,
            0.6796988126267014,
            0.8177398234855853,
            0.6796988126267014,
            0.8110526712235231,
            0.6796988126267014
        ],
        "0.8": [
            0.8161042167823379,
            0.6886765131769476,
            0.8237508234477701,
            0.6886765131769476,
            0.81611444228721,
            0.6886765131769476
        ],
        "0.9": [
            0.813625958787634,
            0.6824790037648422,
            0.8194650358803991,
            0.6824790037648422,
            0.8115836046798249,
            0.6824790037648422
        ]
    },
    "2": {
        "0.1": [
            0.8211451440515786,
            0.6912539820445989,
            0.8244004163380595,
            0.6912539820445989,
            0.8205838596911083,
            0.6912539820445989
        ],
        "0.2": [
            0.8193286003456753,
            0.6918187083695337,
            0.8250951660928622,
            0.6918187083695337,
            0.817669049076159,
            0.6918187083695337
        ],
        "0.3": [
            0.8168422553179836,
            0.6874022589052997,
            0.8224508878959901,
            0.6874022589052997,
            0.8162798977109529,
            0.6874022589052997
        ],
        "0.4": [
            0.8187359053838923,
            0.6930350419924703,
            0.8264171183492867,
            0.6930350419924703,
            0.8183000902026007,
            0.6930350419924703
        ],
        "0.5": [
            0.8130547571240223,
            0.6824790037648422,
            0.8194237762833504,
            0.6824790037648422,
            0.8129718864342783,
            0.6824790037648422
        ],
        "0.6": [
            0.8120279221119548,
            0.6819577179264408,
            0.8194394455767208,
            0.6819577179264408,
            0.8110620937472597,
            0.6819577179264408
        ],
        "0.7": [
            0.8122548616460501,
            0.6861859252823631,
            0.8230515081898419,
            0.6861859252823631,
            0.8123262479837021,
            0.6861859252823631
        ],
        "0.8": [
            0.8154624117176784,
            0.6881117868520128,
            0.8235069570586494,
            0.6881117868520128,
            0.815522928221361,
            0.6881117868520128
        ],
        "0.9": [
            0.8152775623775977,
            0.6842166232261802,
            0.8204414348562883,
            0.6842166232261802,
            0.8149964596915322,
            0.6842166232261802
        ]
    },
    "3": {
        "0.1": [
            0.8157763343441801,
            0.6886909933391254,
            0.8237870749030325,
            0.6886909933391254,
            0.815204931463229,
            0.6886909933391254
        ],
        "0.2": [
            0.8140686820644899,
            0.6857370402548508,
            0.8219679937137083,
            0.6857370402548508,
            0.8139747596768151,
            0.6857370402548508
        ],
        "0.3": [
            0.8159446470920915,
            0.6835215754416449,
            0.8198459298744872,
            0.6835215754416449,
            0.8154391808371537,
            0.6835215754416449
        ],
        "0.4": [
            0.8151131736984397,
            0.6871850564726325,
            0.8228437551518047,
            0.6871850564726325,
            0.8151451351243684,
            0.6871850564726325
        ],
        "0.5": [
            0.8120962465380963,
            0.6871995366348103,
            0.823922486961731,
            0.6871995366348103,
            0.8115954705201515,
            0.6871995366348103
        ],
        "0.6": [
            0.8163593097203454,
            0.6888502751230814,
            0.8238024774251621,
            0.6888502751230814,
            0.8163280715665249,
            0.6888502751230814
        ],
        "0.7": [
            0.8160441317875721,
            0.6863886475528526,
            0.8218818408947388,
            0.6863886475528526,
            0.8155773531778394,
            0.6863886475528526
        ],
        "0.8": [
            0.813270646484088,
            0.6834057341442225,
            0.8201845003979582,
            0.6834057341442225,
            0.8112756548075317,
            0.6834057341442225
        ],
        "0.9": [
            0.8145472348042988,
            0.6870981754995656,
            0.8225351893587807,
            0.6870981754995656,
            0.8149479140054019,
            0.6870981754995656
        ]
    }
}