{
    "1": {
        "0.1": [
            0.8194164388417032,
            0.6776452623542111
        ],
        "0.2": [
            0.8199928120888802,
            0.67844825316589
        ],
        "0.3": [
            0.5611572171170107,
            0.6326251217650002
        ],
        "0.4": [
            0.8179684636086336,
            0.6751573072163862
        ],
        "0.5": [
            0.8175702418931279,
            0.6741173682963431
        ],
        "0.6": [
            0.8177935912261732,
            0.6746834109996578
        ],
        "0.7": [
            0.8187020782168478,
            0.6771055472184925
        ],
        "0.8": [
            0.8197711946631849,
            0.6791064423557908
        ],
        "0.9": [
            0.817047801781609,
            0.6734986704578364
        ]
    },
    "2": {
        "0.1": [
            0.8203954500923567,
            0.6796066661401153
        ],
        "0.2": [
            0.8196251833330468,
            0.6797646315456914
        ],
        "0.3": [
            0.8217665553145592,
            0.6817128715477977
        ],
        "0.4": [
            0.8148320954179923,
            0.6763025564068136
        ],
        "0.5": [
            0.8189010176135252,
            0.6788300028960325
        ],
        "0.6": [
            0.8206137105016377,
            0.6805018034383803
        ],
        "0.7": [
            0.8154737463486973,
            0.672234947213227
        ],
        "0.8": [
            0.8179804096771414,
            0.675723349919701
        ],
        "0.9": [
            0.8203195596403384,
            0.6798172866808836
        ]
    },
    "3": {
        "0.1": [
            0.8204314860796076,
            0.6805281310059763
        ],
        "0.2": [
            0.8207146470674118,
            0.6821209488455362
        ],
        "0.3": [
            0.5667407762219625,
            0.6409972882605376
        ],
        "0.4": [
            0.5598151085298717,
            0.6297159255456388
        ],
        "0.5": [
            0.8137837182611141,
            0.6692336045072795
        ],
        "0.6": [
            0.8164152160745646,
            0.6727878261327436
        ],
        "0.7": [
            0.8178608866008401,
            0.6756048758655188
        ],
        "0.8": [
            0.8240245054604887,
            0.6892162283126662
        ],
        "0.9": [
            0.8184866605041422,
            0.6791854250585788
        ]
    }
}