{
    "1": {
        "0.1": [
            0.8174568292520363,
            0.6745386093778796
        ],
        "0.2": [
            0.8160767807044005,
            0.6733407050522602
        ],
        "0.3": [
            0.8161362090222072,
            0.6756048758655188
        ],
        "0.4": [
            0.8169439992381418,
            0.6745517731616776
        ],
        "0.5": [
            0.5607909692542363,
            0.63070320933049
        ],
        "0.6": [
            0.8162635803620054,
            0.6736829634310086
        ],
        "0.7": [
            0.8208410359617132,
            0.6811468288444831
        ],
        "0.8": [
            0.8166658213740217,
            0.6734986704578364
        ],
        "0.9": [
            0.8232839794084403,
            0.6869783850670037
        ]
    },
    "2": {
        "0.1": [
            0.8200994504181899,
            0.6778690466787773
        ],
        "0.2": [
            0.816607792644155,
            0.6723534212674092
        ],
        "0.3": [
            0.820626110391211,
            0.6797909591132876
        ],
        "0.4": [
            0.8168210450829089,
            0.6780928310033436
        ],
        "0.5": [
            0.8155926319631229,
            0.6739067477555749
        ],
        "0.6": [
            0.8178465952196249,
            0.6765789958665719
        ],
        "0.7": [
            0.8228888469332509,
            0.683726930468894
        ],
        "0.8": [
            0.8200603070438431,
            0.6799752520864597
        ],
        "0.9": [
            0.8212379994061686,
            0.6824237158728905
        ]
    },
    "3": {
        "0.1": [
            0.8193003283768893,
            0.6791196061395888
        ],
        "0.2": [
            0.5577977014218873,
            0.6265566174341153
        ],
        "0.3": [
            0.8181919160552247,
            0.6777374088407973
        ],
        "0.4": [
            0.559383787573469,
            0.6311112866282285
        ],
        "0.5": [
            0.8200412127627933,
            0.6809362083037148
        ],
        "0.6": [
            0.8173016654671853,
            0.6750651607298002
        ],
        "0.7": [
            0.8197412754049922,
            0.6797777953294895
        ],
        "0.8": [
            0.56140983056896,
            0.6320590790616855
        ],
        "0.9": [
            0.5613533546944525,
            0.6331648369007188
        ]
    }
}