{
    "1": {
        "0.1": [
            0.8110400413718305,
            0.6834202143064002,
            0.8208531470805107,
            0.6834202143064002,
            0.8096400040052187,
            0.6834202143064002
        ],
        "0.2": [
            0.8143469675039066,
            0.6898783666377063,
            0.8252442050874238,
            0.6898783666377063,
            0.813136106416555,
            0.6898783666377063
        ],
        "0.3": [
            0.8090497704699158,
            0.6807993049522154,
            0.8194003098818948,
            0.6807993049522154,
            0.8083173008031647,
            0.6807993049522154
        ],
        "0.4": [
            0.814836487459153,
            0.689429481610194,
            0.8244717309772503,
            0.689429481610194,
            0.8126477502657433,
            0.689429481610194
        ],
        "0.5": [
            0.8075143649407335,
            0.6804083405734144,
            0.8194637598848579,
            0.6804083405734144,
            0.8059038851927003,
            0.6804083405734144
        ],
        "0.6": [
            0.818661306890757,
            0.6930929626411816,
            0.8261859980196196,
            0.6930929626411816,
            0.8163432461829848,
            0.6930929626411816
        ],
        "0.7": [
            0.813736281887379,
            0.6875181002027223,
            0.8231591057370975,
            0.6875181002027223,
            0.8108981559387799,
            0.6875181002027223
        ],
        "0.8": [
            0.8195100099336978,
            0.695105705183898,
            0.8275480583254772,
            0.695105705183898,
            0.8172463851578995,
            0.695105705183898
        ],
        "0.9": [
            0.814843161406397,
            0.6864465682015639,
            0.8221691437481463,
            0.6864465682015639,
            0.8135818302334994,
            0.6864465682015639
        ]
    },
    "2": {
        "0.1": [
            0.8047249956964273,
            0.6779756733275413,
            0.8184922516448943,
            0.6779756733275413,
            0.8040562419085006,
            0.6779756733275413
        ],
        "0.2": [
            0.8103326373726266,
            0.6877208224732116,
            0.8252750703110511,
            0.6877208224732116,
            0.8099612296587582,
            0.6877208224732116
        ],
        "0.3": [
            0.8184003839594982,
            0.6946278598320301,
            0.827737287024765,
            0.6946278598320301,
            0.816993641215143,
            0.6946278598320301
        ],
        "0.4": [
            0.814019066887886,
            0.6845931074428033,
            0.8209505013002283,
            0.6845931074428033,
            0.8127810407998597,
            0.6845931074428033
        ],
        "0.5": [
            0.813116526680459,
            0.6908050970170866,
            0.8263365232594404,
            0.6908050970170866,
            0.8106573640237267,
            0.6908050970170866
        ],
        "0.6": [
            0.816998152192825,
            0.6883000289603244,
            0.8230924684280964,
            0.6883000289603244,
            0.8163669339562865,
            0.6883000289603244
        ],
        "0.7": [
            0.8129925356263634,
            0.6864755285259195,
            0.8225635009998227,
            0.6864755285259195,
            0.8102860014335412,
            0.6864755285259195
        ],
        "0.8": [
            0.8139229597923733,
            0.6850564726324935,
            0.8213032550820668,
            0.6850564726324935,
            0.812351021692686,
            0.6850564726324935
        ],
        "0.9": [
            0.8158424689667045,
            0.6936287286417608,
            0.8274550280055828,
            0.6936287286417608,
            0.8124001341825396,
            0.6936287286417608
        ]
    },
    "3": {
        "0.1": [
            0.8160550705164074,
            0.6886475528525919,
            0.8234761770016679,
            0.6886475528525919,
            0.8140136597900912,
            0.6886475528525919
        ],
        "0.2": [
            0.8147897395847482,
            0.687938024905879,
            0.8232233295851051,
            0.687938024905879,
            0.8122931005527487,
            0.687938024905879
        ],
        "0.3": [
            0.8153627083033328,
            0.6888937156096149,
            0.8239578727468329,
            0.6888937156096149,
            0.813886532308786,
            0.6888937156096149
        ],
        "0.4": [
            0.8163793156988514,
            0.6887633941500145,
            0.8234723244752418,
            0.6887633941500145,
            0.8142534864686801,
            0.6887633941500145
        ],
        "0.5": [
            0.8131116888983505,
            0.6871850564726325,
            0.8229876675311852,
            0.6871850564726325,
            0.809576375300251,
            0.6871850564726325
        ],
        "0.6": [
            0.8157694145828808,
            0.6895163625832609,
            0.824134700481982,
            0.6895163625832609,
            0.812841572221048,
            0.6895163625832609
        ],
        "0.7": [
            0.8183857294658731,
            0.6930784824790037,
            0.8262728225594922,
            0.6930784824790037,
            0.8161504984096064,
            0.6930784824790037
        ],
        "0.8": [
            0.8170625750778302,
            0.6931943237764263,
            0.8270710900906277,
            0.6931943237764263,
            0.8158538995074689,
            0.6931943237764263
        ],
        "0.9": [
            0.8120001735207754,
            0.6818273964668404,
            0.8193153949310947,
            0.6818273964668404,
            0.8105791988076538,
            0.6818273964668404
        ]
    }
}