{"0.1": [0.13274614563859038, 0.42944211884264005], "0.2": [0.12580355659651668, 0.39958665718874237], "0.3": [0.17299886564072336, 0.2504409867572335], "0.4": [0.16910993577308994, 0.40992022747018403], "0.5": [0.105761225147244, 0.11415633309638523], "0.6": [0.20092128609428955, 0.4460153226443409], "0.7": [0.24745045314303074, 0.5423084011268199], "0.8": [0.09539260623261087, 0.18525392938946372], "0.9": [0.21112417509241363, 0.3688887133717716], "1.0": [0.08610460840859276, 0.1951399310217729]}