{
    "1": {
        "0.1": [
            0.1352666138139146,
            0.42999499776215677
        ],
        "0.2": [
            0.20844660642475693,
            0.500881973514467
        ],
        "0.3": [
            0.20974779041465536,
            0.5007503356764869
        ],
        "0.4": [
            0.2532559773280488,
            0.43123239343917014
        ],
        "0.5": [
            0.25019380786953216,
            0.41111813179580337
        ],
        "0.6": [
            0.07233637402079593,
            0.10874601795540109
        ],
        "0.7": [
            0.05563509975196039,
            0.08075981360082142
        ],
        "0.8": [
            0.14938368870675203,
            0.35056472632493485
        ],
        "0.9": [
            0.13424321472671533,
            0.21788694942474265
        ]
    },
    "2": {
        "0.1": [
            0.27634170218371196,
            0.4046678777347761
        ],
        "0.2": [
            0.09521048631634085,
            0.20263012400284341
        ],
        "0.3": [
            0.15339380974872857,
            0.35729141984572044
        ],
        "0.4": [
            0.21567615465679033,
            0.305676223573704
        ],
        "0.5": [
            0.17651563821094682,
            0.4662612221256878
        ],
        "0.6": [
            0.13708385109957252,
            0.3929389463707448
        ],
        "0.7": [
            0.11454794617320911,
            0.2715688597530474
        ],
        "0.8": [
            0.1312634758834817,
            0.36012163336229364
        ],
        "0.9": [
            0.12910551409668228,
            0.4403548956111945
        ]
    },
    "3": {
        "0.1": [
            0.17614186849117136,
            0.4027196377326699
        ],
        "0.2": [
            0.16924746012488745,
            0.4610615275254719
        ],
        "0.3": [
            0.13004165590643288,
            0.3643998630966485
        ],
        "0.4": [
            0.2429929408517008,
            0.41643630045020147
        ],
        "0.5": [
            0.11843957596771475,
            0.20006318616223048
        ],
        "0.6": [
            0.08301378774947718,
            0.1659031672063818
        ],
        "0.7": [
            0.22049617509366715,
            0.4504383540004739
        ],
        "0.8": [
            0.22095170532555425,
            0.422188873969934
        ],
        "0.9": [
            0.08143610409953764,
            0.19248084669457388
        ]
    }
}