{
    "1": {
        "0.1": [
            0.2276056928169116,
            0.5286049021930864
        ],
        "0.2": [
            0.1645441056982372,
            0.49050891188163126
        ],
        "0.3": [
            0.3019162246383144,
            0.5896585314482795
        ],
        "0.4": [
            0.1645441056982372,
            0.49050891188163126
        ],
        "0.5": [
            0.1645441056982372,
            0.49050891188163126
        ],
        "0.6": [
            0.1645441056982372,
            0.49050891188163126
        ],
        "0.7": [
            0.29883585888879816,
            0.5846299660374378
        ],
        "0.8": [
            0.1645441056982372,
            0.49050891188163126
        ],
        "0.9": [
            0.3010232600157148,
            0.5839849406313351
        ]
    },
    "2": {
        "0.1": [
            0.30084250501215903,
            0.582971329278888
        ],
        "0.2": [
            0.30268292866365276,
            0.5868546454993023
        ],
        "0.3": [
            0.29794624925494034,
            0.5826553984677356
        ],
        "0.4": [
            0.3063159665897463,
            0.5913566595582234
        ],
        "0.5": [
            0.1645441056982372,
            0.49050891188163126
        ],
        "0.6": [
            0.1645441056982372,
            0.49050891188163126
        ],
        "0.7": [
            0.30689645982581143,
            0.5908564357738989
        ],
        "0.8": [
            0.1645441056982372,
            0.49050891188163126
        ],
        "0.9": [
            0.2991291680978798,
            0.5837348287391728
        ]
    },
    "3": {
        "0.1": [
            0.3007847814709046,
            0.5835110444146066
        ],
        "0.2": [
            0.30208080281010535,
            0.5822078298186031
        ],
        "0.3": [
            0.26636487270646914,
            0.5563804860068978
        ],
        "0.4": [
            0.3034887369316873,
            0.5845904746860437
        ],
        "0.5": [
            0.2996723449597386,
            0.5775873417054999
        ],
        "0.6": [
            0.29365791607054925,
            0.5824447779269674
        ],
        "0.7": [
            0.30682259378914367,
            0.5906194876655346
        ],
        "0.8": [
            0.1645441056982372,
            0.49050891188163126
        ],
        "0.9": [
            0.3040379934272399,
            0.5856040860384909
        ]
    }
}